TScanned ID,TScanned Name,TCheck Out,TDeadline
,,2023-03-20,2024-03-19
,,2023-03-20,2024-03-19
,,2023-03-20,2024-03-19
,,2023-03-20,2024-03-19
,,2023-03-20,2024-03-19
,,2023-03-20,2024-03-19
,,2023-03-20,2024-03-19
,,2023-03-20,2024-03-19
,,2023-03-20,2024-03-19
,,2023-03-20,2024-03-19
,,2023-03-20,2024-03-19
,,2023-03-20,2024-03-19
,,2023-03-20,2024-03-19
,,2023-03-20,2024-03-19
,,2023-03-20,2024-03-19
,,2023-03-20,2024-03-19
,,2023-03-20,2024-03-19
,,2023-03-20,2024-03-19
,,2023-03-20,2024-03-19
,,2023-03-20,2024-03-19
,,2023-03-20,2024-03-19
8,Hacksaw,2023-03-20,2024-03-19
,,2023-03-20,2024-03-19
,,2023-03-20,2024-03-19
,,2023-03-20,2024-03-19
,,2023-03-20,2024-03-19
8,Hacksaw,2023-03-20,2024-03-19
8,Hacksaw,2023-03-20,2024-03-19
8,Hacksaw,2023-03-20,2024-03-19
8,Hacksaw,2023-03-20,2024-03-19
8,Hacksaw,2023-03-20,2024-03-19
8,Hacksaw,2023-03-20,2024-03-19
8,Hacksaw,2023-03-20,2024-03-19
8,Hacksaw,2023-03-20,2024-03-19
8,Hacksaw,2023-03-20,2024-03-19
8,Hacksaw,2023-03-20,2024-03-19
8,Hacksaw,2023-03-20,2024-03-19
8,Hacksaw,2023-03-20,2024-03-19
8,Hacksaw,2023-03-20,2024-03-19
8,Hacksaw,2023-03-20,2024-03-19
8,Hacksaw,2023-03-20,2024-03-19
8,Hacksaw,2023-03-20,2024-03-19
8,Hacksaw,2023-03-20,2024-03-19
8,Hacksaw,2023-03-20,2024-03-19
,,2023-03-20,2024-03-19
,,2023-03-20,2024-03-19
,,2023-03-20,2024-03-19
TScanned ID,TScanned Name,TCheck Out,TDeadline
,,2023-03-20,2024-03-19
,,2023-03-20,2024-03-19
,,2023-03-20,2024-03-19
,,2023-03-20,2024-03-19
,,2023-03-20,2024-03-19
,,2023-03-20,2024-03-19
,,2023-03-20,2024-03-19
,,2023-03-20,2024-03-19
,,2023-03-20,2024-03-19
,,2023-03-20,2024-03-19
,,2023-03-20,2024-03-19
,,2023-03-20,2024-03-19
,,2023-03-20,2024-03-19
,,2023-03-20,2024-03-19
,,2023-03-20,2024-03-19
,,2023-03-20,2024-03-19
,,2023-03-20,2024-03-19
,,2023-03-20,2024-03-19
,,2023-03-20,2024-03-19
,,2023-03-20,2024-03-19
,,2023-03-20,2024-03-19
,,2023-03-20,2024-03-19
,,2023-03-20,2024-03-19
,,2023-03-20,2024-03-19
20,Inspection mirror,2023-03-20,2024-03-19
20,Inspection mirror,2023-03-20,2024-03-19
20,Inspection mirror,2023-03-20,2024-03-19
20,Inspection mirror,2023-03-20,2024-03-19
20,Inspection mirror,2023-03-20,2024-03-19
20,Inspection mirror,2023-03-20,2024-03-19
20,Inspection mirror,2023-03-20,2024-03-19
,,2023-03-20,2024-03-19
,,2023-03-20,2024-03-19
,,2023-03-20,2024-03-19
TScanned ID,TScanned Name,TCheck Out,TDeadline
,,2023-05-10,2024-05-09
,,2023-05-10,2024-05-09
,,2023-05-10,2024-05-09
,,2023-05-10,2024-05-09
,,2023-05-10,2024-05-09
,,2023-05-10,2024-05-09
,,2023-05-10,2024-05-09
,,2023-05-10,2024-05-09
11,Socket sets,2023-05-10,2024-05-09
11,Socket sets,2023-05-10,2024-05-09
11,Socket sets,2023-05-10,2024-05-09
11,Socket sets,2023-05-10,2024-05-09
11,Socket sets,2023-05-10,2024-05-09
11,Socket sets,2023-05-10,2024-05-09
11,Socket sets,2023-05-10,2024-05-09
11,Socket sets,2023-05-10,2024-05-09
11,Socket sets,2023-05-10,2024-05-09
11,Socket sets,2023-05-10,2024-05-09
11,Socket sets,2023-05-10,2024-05-09
11,Socket sets,2023-05-10,2024-05-09
11,Socket sets,2023-05-10,2024-05-09
,,2023-05-10,2024-05-09
,,2023-05-10,2024-05-09
TScanned ID,TScanned Name,TCheck Out,TDeadline
,,2023-05-13,2024-05-12
,,2023-05-13,2024-05-12
,,2023-05-13,2024-05-12
,,2023-05-13,2024-05-12
,,2023-05-13,2024-05-12
,,2023-05-13,2024-05-12
,,2023-05-13,2024-05-12
TScanned ID,TScanned Name,TCheck Out,TDeadline
,,2023-05-13,2024-05-12
,,2023-05-13,2024-05-12
,,2023-05-13,2024-05-12
,,2023-05-13,2024-05-12
,,2023-05-13,2024-05-12
,,2023-05-13,2024-05-12
,,2023-05-13,2024-05-12
1,Hammer,2023-05-13,2024-05-12
1,Hammer,2023-05-13,2024-05-12
1,Hammer,2023-05-13,2024-05-12
1,Hammer,2023-05-13,2024-05-12
,,2023-05-13,2024-05-12
1,Hammer,2023-05-13,2024-05-12
1,Hammer,2023-05-13,2024-05-12
1,Hammer,2023-05-13,2024-05-12
1,Hammer,2023-05-13,2024-05-12
1,Hammer,2023-05-13,2024-05-12
1,Hammer,2023-05-13,2024-05-12
1,Hammer,2023-05-13,2024-05-12
1,Hammer,2023-05-13,2024-05-12
1,Hammer,2023-05-13,2024-05-12
1,Hammer,2023-05-13,2024-05-12
1,Hammer,2023-05-13,2024-05-12
1,Hammer,2023-05-13,2024-05-12
1,Hammer,2023-05-13,2024-05-12
1,Hammer,2023-05-13,2024-05-12
1,Hammer,2023-05-13,2024-05-12
1,Hammer,2023-05-13,2024-05-12
1,Hammer,2023-05-13,2024-05-12
1,Hammer,2023-05-13,2024-05-12
1,Hammer,2023-05-13,2024-05-12
1,Hammer,2023-05-13,2024-05-12
1,Hammer,2023-05-13,2024-05-12
1,Hammer,2023-05-13,2024-05-12
1,Hammer,2023-05-13,2024-05-12
1,Hammer,2023-05-13,2024-05-12
1,Hammer,2023-05-13,2024-05-12
1,Hammer,2023-05-13,2024-05-12
1,Hammer,2023-05-13,2024-05-12
1,Hammer,2023-05-13,2024-05-12
1,Hammer,2023-05-13,2024-05-12
1,Hammer,2023-05-13,2024-05-12
1,Hammer,2023-05-13,2024-05-12
1,Hammer,2023-05-13,2024-05-12
1,Hammer,2023-05-13,2024-05-12
1,Hammer,2023-05-13,2024-05-12
1,Hammer,2023-05-13,2024-05-12
1,Hammer,2023-05-13,2024-05-12
1,Hammer,2023-05-13,2024-05-12
1,Hammer,2023-05-13,2024-05-12
1,Hammer,2023-05-13,2024-05-12
1,Hammer,2023-05-13,2024-05-12
1,Hammer,2023-05-13,2024-05-12
1,Hammer,2023-05-13,2024-05-12
1,Hammer,2023-05-13,2024-05-12
,,2023-05-13,2024-05-12
,,2023-05-13,2024-05-12
,,2023-05-13,2024-05-12
,,2023-05-13,2024-05-12
,,2023-05-13,2024-05-12
TScanned ID,TScanned Name,TCheck Out,TDeadline
6,Ear protectors,2023-05-15,2024-05-14
,,2023-05-15,2024-05-14
,,2023-05-15,2024-05-14
6,Ear protectors,2023-05-15,2024-05-14
,,2023-05-15,2024-05-14
6,Ear protectors,2023-05-15,2024-05-14
,,2023-05-15,2024-05-14
,,2023-05-15,2024-05-14
6,Ear protectors,2023-05-15,2024-05-14
6,Ear protectors,2023-05-15,2024-05-14
,,2023-05-15,2024-05-14
,,2023-05-15,2024-05-14
,,2023-05-15,2024-05-14
,,2023-05-15,2024-05-14
,,2023-05-15,2024-05-14
,,2023-05-15,2024-05-14
6,Ear protectors,2023-05-15,2024-05-14
6,Ear protectors,2023-05-15,2024-05-14
,,2023-05-15,2024-05-14
6,Ear protectors,2023-05-15,2024-05-14
6,Ear protectors,2023-05-15,2024-05-14
,,2023-05-15,2024-05-14
,,2023-05-15,2024-05-14
,,2023-05-15,2024-05-14
,,2023-05-15,2024-05-14
TScanned ID,TScanned Name,TCheck Out,TDeadline
,,2023-05-15,2024-05-14
,,2023-05-15,2024-05-14
,,2023-05-15,2024-05-14
,,2023-05-15,2024-05-14
1,Hammer,2023-05-15,2024-05-14
1,Hammer,2023-05-15,2024-05-14
,,2023-05-15,2024-05-14
1,Hammer,2023-05-15,2024-05-14
,,2023-05-15,2024-05-14
,,2023-05-15,2024-05-14
,,2023-05-15,2024-05-14
1,Hammer,2023-05-15,2024-05-14
1,Hammer,2023-05-15,2024-05-14
1,Hammer,2023-05-15,2024-05-14
1,Hammer,2023-05-15,2024-05-14
1,Hammer,2023-05-15,2024-05-14
1,Hammer,2023-05-15,2024-05-14
1,Hammer,2023-05-15,2024-05-14
1,Hammer,2023-05-15,2024-05-14
,,2023-05-15,2024-05-14
,,2023-05-15,2024-05-14
1,Hammer,2023-05-15,2024-05-14
1,Hammer,2023-05-15,2024-05-14
1,Hammer,2023-05-15,2024-05-14
1,Hammer,2023-05-15,2024-05-14
1,Hammer,2023-05-15,2024-05-14
,,2023-05-15,2024-05-14
,,2023-05-15,2024-05-14
,,2023-05-15,2024-05-14
1,Hammer,2023-05-15,2024-05-14
,,2023-05-15,2024-05-14
1,Hammer,2023-05-15,2024-05-14
1,Hammer,2023-05-15,2024-05-14
1,Hammer,2023-05-15,2024-05-14
1,Hammer,2023-05-15,2024-05-14
1,Hammer,2023-05-15,2024-05-14
1,Hammer,2023-05-15,2024-05-14
1,Hammer,2023-05-15,2024-05-14
1,Hammer,2023-05-15,2024-05-14
1,Hammer,2023-05-15,2024-05-14
1,Hammer,2023-05-15,2024-05-14
1,Hammer,2023-05-15,2024-05-14
1,Hammer,2023-05-15,2024-05-14
1,Hammer,2023-05-15,2024-05-14
1,Hammer,2023-05-15,2024-05-14
,,2023-05-15,2024-05-14
,,2023-05-15,2024-05-14
,,2023-05-15,2024-05-14
1,Hammer,2023-05-15,2024-05-14
1,Hammer,2023-05-15,2024-05-14
1,Hammer,2023-05-15,2024-05-14
1,Hammer,2023-05-15,2024-05-14
1,Hammer,2023-05-15,2024-05-14
1,Hammer,2023-05-15,2024-05-14
1,Hammer,2023-05-15,2024-05-14
1,Hammer,2023-05-15,2024-05-14
1,Hammer,2023-05-15,2024-05-14
1,Hammer,2023-05-15,2024-05-14
1,Hammer,2023-05-15,2024-05-14
1,Hammer,2023-05-15,2024-05-14
,,2023-05-15,2024-05-14
,,2023-05-15,2024-05-14
1,Hammer,2023-05-15,2024-05-14
,,2023-05-15,2024-05-14
1,Hammer,2023-05-15,2024-05-14
1,Hammer,2023-05-15,2024-05-14
1,Hammer,2023-05-15,2024-05-14
1,Hammer,2023-05-15,2024-05-14
1,Hammer,2023-05-15,2024-05-14
1,Hammer,2023-05-15,2024-05-14
1,Hammer,2023-05-15,2024-05-14
,,2023-05-15,2024-05-14
,,2023-05-15,2024-05-14
,,2023-05-15,2024-05-14
,,2023-05-15,2024-05-14
,,2023-05-15,2024-05-14
,,2023-05-15,2024-05-14
,,2023-05-15,2024-05-14
,,2023-05-15,2024-05-14
,,2023-05-15,2024-05-14
,,2023-05-15,2024-05-14
,,2023-05-15,2024-05-14
,,2023-05-15,2024-05-14
,,2023-05-15,2024-05-14
,,2023-05-15,2024-05-14
,,2023-05-15,2024-05-14
,,2023-05-15,2024-05-14
1,Hammer,2023-05-15,2024-05-14
,,2023-05-15,2024-05-14
,,2023-05-15,2024-05-14
1,Hammer,2023-05-15,2024-05-14
1,Hammer,2023-05-15,2024-05-14
1,Hammer,2023-05-15,2024-05-14
,,2023-05-15,2024-05-14
,,2023-05-15,2024-05-14
,,2023-05-15,2024-05-14
,,2023-05-15,2024-05-14
1,Hammer,2023-05-15,2024-05-14
1,Hammer,2023-05-15,2024-05-14
1,Hammer,2023-05-15,2024-05-14
,,2023-05-15,2024-05-14
,,2023-05-15,2024-05-14
,,2023-05-15,2024-05-14
,,2023-05-15,2024-05-14
,,2023-05-15,2024-05-14
,,2023-05-15,2024-05-14
,,2023-05-15,2024-05-14
,,2023-05-15,2024-05-14
,,2023-05-15,2024-05-14
,,2023-05-15,2024-05-14
,,2023-05-15,2024-05-14
,,2023-05-15,2024-05-14
,,2023-05-15,2024-05-14
,,2023-05-15,2024-05-14
,,2023-05-15,2024-05-14
,,2023-05-15,2024-05-14
,,2023-05-15,2024-05-14
,,2023-05-15,2024-05-14
,,2023-05-15,2024-05-14
,,2023-05-15,2024-05-14
,,2023-05-15,2024-05-14
,,2023-05-15,2024-05-14
,,2023-05-15,2024-05-14
,,2023-05-15,2024-05-14
,,2023-05-15,2024-05-14
,,2023-05-15,2024-05-14
,,2023-05-15,2024-05-14
,,2023-05-15,2024-05-14
,,2023-05-15,2024-05-14
,,2023-05-15,2024-05-14
,,2023-05-15,2024-05-14
,,2023-05-15,2024-05-14
,,2023-05-15,2024-05-14
,,2023-05-15,2024-05-14
,,2023-05-15,2024-05-14
,,2023-05-15,2024-05-14
,,2023-05-15,2024-05-14
,,2023-05-15,2024-05-14
,,2023-05-15,2024-05-14
,,2023-05-15,2024-05-14
,,2023-05-15,2024-05-14
,,2023-05-15,2024-05-14
1,Hammer,2023-05-15,2024-05-14
1,Hammer,2023-05-15,2024-05-14
,,2023-05-15,2024-05-14
,,2023-05-15,2024-05-14
,,2023-05-15,2024-05-14
,,2023-05-15,2024-05-14
,,2023-05-15,2024-05-14
,,2023-05-15,2024-05-14
,,2023-05-15,2024-05-14
,,2023-05-15,2024-05-14
1,Hammer,2023-05-15,2024-05-14
,,2023-05-15,2024-05-14
,,2023-05-15,2024-05-14
1,Hammer,2023-05-15,2024-05-14
1,Hammer,2023-05-15,2024-05-14
1,Hammer,2023-05-15,2024-05-14
1,Hammer,2023-05-15,2024-05-14
1,Hammer,2023-05-15,2024-05-14
,,2023-05-15,2024-05-14
,,2023-05-15,2024-05-14
,,2023-05-15,2024-05-14
1,Hammer,2023-05-15,2024-05-14
1,Hammer,2023-05-15,2024-05-14
1,Hammer,2023-05-15,2024-05-14
1,Hammer,2023-05-15,2024-05-14
,,2023-05-15,2024-05-14
1,Hammer,2023-05-15,2024-05-14
,,2023-05-15,2024-05-14
,,2023-05-15,2024-05-14
,,2023-05-15,2024-05-14
,,2023-05-15,2024-05-14
,,2023-05-15,2024-05-14
,,2023-05-15,2024-05-14
,,2023-05-15,2024-05-14
,,2023-05-15,2024-05-14
1,Hammer,2023-05-15,2024-05-14
1,Hammer,2023-05-15,2024-05-14
1,Hammer,2023-05-15,2024-05-14
,,2023-05-15,2024-05-14
,,2023-05-15,2024-05-14
,,2023-05-15,2024-05-14
1,Hammer,2023-05-15,2024-05-14
,,2023-05-15,2024-05-14
,,2023-05-15,2024-05-14
,,2023-05-15,2024-05-14
1,Hammer,2023-05-15,2024-05-14
1,Hammer,2023-05-15,2024-05-14
,,2023-05-15,2024-05-14
,,2023-05-15,2024-05-14
,,2023-05-15,2024-05-14
,,2023-05-15,2024-05-14
,,2023-05-15,2024-05-14
,,2023-05-15,2024-05-14
1,Hammer,2023-05-15,2024-05-14
,,2023-05-15,2024-05-14
,,2023-05-15,2024-05-14
1,Hammer,2023-05-15,2024-05-14
,,2023-05-15,2024-05-14
,,2023-05-15,2024-05-14
1,Hammer,2023-05-15,2024-05-14
,,2023-05-15,2024-05-14
1,Hammer,2023-05-15,2024-05-14
1,Hammer,2023-05-15,2024-05-14
1,Hammer,2023-05-15,2024-05-14
,,2023-05-15,2024-05-14
,,2023-05-15,2024-05-14
,,2023-05-15,2024-05-14
,,2023-05-15,2024-05-14
,,2023-05-15,2024-05-14
,,2023-05-15,2024-05-14
,,2023-05-15,2024-05-14
,,2023-05-15,2024-05-14
,,2023-05-15,2024-05-14
,,2023-05-15,2024-05-14
,,2023-05-15,2024-05-14
,,2023-05-15,2024-05-14
,,2023-05-15,2024-05-14
,,2023-05-15,2024-05-14
,,2023-05-15,2024-05-14
,,2023-05-15,2024-05-14
,,2023-05-15,2024-05-14
,,2023-05-15,2024-05-14
,,2023-05-15,2024-05-14
,,2023-05-15,2024-05-14
,,2023-05-15,2024-05-14
,,2023-05-15,2024-05-14
,,2023-05-15,2024-05-14
,,2023-05-15,2024-05-14
,,2023-05-15,2024-05-14
,,2023-05-15,2024-05-14
,,2023-05-15,2024-05-14
,,2023-05-15,2024-05-14
,,2023-05-15,2024-05-14
,,2023-05-15,2024-05-14
,,2023-05-15,2024-05-14
,,2023-05-15,2024-05-14
,,2023-05-15,2024-05-14
,,2023-05-15,2024-05-14
,,2023-05-15,2024-05-14
,,2023-05-15,2024-05-14
1,Hammer,2023-05-15,2024-05-14
1,Hammer,2023-05-15,2024-05-14
1,Hammer,2023-05-15,2024-05-14
1,Hammer,2023-05-15,2024-05-14
1,Hammer,2023-05-15,2024-05-14
1,Hammer,2023-05-15,2024-05-14
,,2023-05-15,2024-05-14
1,Hammer,2023-05-15,2024-05-14
1,Hammer,2023-05-15,2024-05-14
1,Hammer,2023-05-15,2024-05-14
,,2023-05-15,2024-05-14
,,2023-05-15,2024-05-14
1,Hammer,2023-05-15,2024-05-14
1,Hammer,2023-05-15,2024-05-14
1,Hammer,2023-05-15,2024-05-14
1,Hammer,2023-05-15,2024-05-14
1,Hammer,2023-05-15,2024-05-14
1,Hammer,2023-05-15,2024-05-14
,,2023-05-15,2024-05-14
,,2023-05-15,2024-05-14
1,Hammer,2023-05-15,2024-05-14
1,Hammer,2023-05-15,2024-05-14
,,2023-05-15,2024-05-14
1,Hammer,2023-05-15,2024-05-14
1,Hammer,2023-05-15,2024-05-14
1,Hammer,2023-05-15,2024-05-14
,,2023-05-15,2024-05-14
1,Hammer,2023-05-15,2024-05-14
1,Hammer,2023-05-15,2024-05-14
1,Hammer,2023-05-15,2024-05-14
,,2023-05-15,2024-05-14
1,Hammer,2023-05-15,2024-05-14
1,Hammer,2023-05-15,2024-05-14
1,Hammer,2023-05-15,2024-05-14
1,Hammer,2023-05-15,2024-05-14
1,Hammer,2023-05-15,2024-05-14
1,Hammer,2023-05-15,2024-05-14
1,Hammer,2023-05-15,2024-05-14
1,Hammer,2023-05-15,2024-05-14
1,Hammer,2023-05-15,2024-05-14
1,Hammer,2023-05-15,2024-05-14
1,Hammer,2023-05-15,2024-05-14
1,Hammer,2023-05-15,2024-05-14
1,Hammer,2023-05-15,2024-05-14
1,Hammer,2023-05-15,2024-05-14
1,Hammer,2023-05-15,2024-05-14
1,Hammer,2023-05-15,2024-05-14
1,Hammer,2023-05-15,2024-05-14
1,Hammer,2023-05-15,2024-05-14
1,Hammer,2023-05-15,2024-05-14
1,Hammer,2023-05-15,2024-05-14
1,Hammer,2023-05-15,2024-05-14
1,Hammer,2023-05-15,2024-05-14
1,Hammer,2023-05-15,2024-05-14
1,Hammer,2023-05-15,2024-05-14
1,Hammer,2023-05-15,2024-05-14
,,2023-05-15,2024-05-14
1,Hammer,2023-05-15,2024-05-14
1,Hammer,2023-05-15,2024-05-14
1,Hammer,2023-05-15,2024-05-14
1,Hammer,2023-05-15,2024-05-14
1,Hammer,2023-05-15,2024-05-14
1,Hammer,2023-05-15,2024-05-14
,,2023-05-15,2024-05-14
1,Hammer,2023-05-15,2024-05-14
1,Hammer,2023-05-15,2024-05-14
1,Hammer,2023-05-15,2024-05-14
,,2023-05-15,2024-05-14
,,2023-05-15,2024-05-14
,,2023-05-15,2024-05-14
,,2023-05-15,2024-05-14
1,Hammer,2023-05-15,2024-05-14
,,2023-05-15,2024-05-14
,,2023-05-15,2024-05-14
,,2023-05-15,2024-05-14
,,2023-05-15,2024-05-14
,,2023-05-15,2024-05-14
,,2023-05-15,2024-05-14
,,2023-05-15,2024-05-14
1,Hammer,2023-05-15,2024-05-14
1,Hammer,2023-05-15,2024-05-14
,,2023-05-15,2024-05-14
1,Hammer,2023-05-15,2024-05-14
1,Hammer,2023-05-15,2024-05-14
,,2023-05-15,2024-05-14
,,2023-05-15,2024-05-14
,,2023-05-15,2024-05-14
1,Hammer,2023-05-15,2024-05-14
,,2023-05-15,2024-05-14
,,2023-05-15,2024-05-14
,,2023-05-15,2024-05-14
,,2023-05-15,2024-05-14
,,2023-05-15,2024-05-14
,,2023-05-15,2024-05-14
,,2023-05-15,2024-05-14
,,2023-05-15,2024-05-14
,,2023-05-15,2024-05-14
,,2023-05-15,2024-05-14
1,Hammer,2023-05-15,2024-05-14
1,Hammer,2023-05-15,2024-05-14
1,Hammer,2023-05-15,2024-05-14
,,2023-05-15,2024-05-14
,,2023-05-15,2024-05-14
,,2023-05-15,2024-05-14
,,2023-05-15,2024-05-14
1,Hammer,2023-05-15,2024-05-14
,,2023-05-15,2024-05-14
,,2023-05-15,2024-05-14
,,2023-05-15,2024-05-14
,,2023-05-15,2024-05-14
,,2023-05-15,2024-05-14
1,Hammer,2023-05-15,2024-05-14
,,2023-05-15,2024-05-14
,,2023-05-15,2024-05-14
,,2023-05-15,2024-05-14
,,2023-05-15,2024-05-14
1,Hammer,2023-05-15,2024-05-14
,,2023-05-15,2024-05-14
1,Hammer,2023-05-15,2024-05-14
,,2023-05-15,2024-05-14
,,2023-05-15,2024-05-14
,,2023-05-15,2024-05-14
,,2023-05-15,2024-05-14
,,2023-05-15,2024-05-14
,,2023-05-15,2024-05-14
,,2023-05-15,2024-05-14
,,2023-05-15,2024-05-14
,,2023-05-15,2024-05-14
,,2023-05-15,2024-05-14
,,2023-05-15,2024-05-14
,,2023-05-15,2024-05-14
1,Hammer,2023-05-15,2024-05-14
1,Hammer,2023-05-15,2024-05-14
1,Hammer,2023-05-15,2024-05-14
1,Hammer,2023-05-15,2024-05-14
1,Hammer,2023-05-15,2024-05-14
1,Hammer,2023-05-15,2024-05-14
1,Hammer,2023-05-15,2024-05-14
1,Hammer,2023-05-15,2024-05-14
1,Hammer,2023-05-15,2024-05-14
1,Hammer,2023-05-15,2024-05-14
,,2023-05-15,2024-05-14
1,Hammer,2023-05-15,2024-05-14
1,Hammer,2023-05-15,2024-05-14
1,Hammer,2023-05-15,2024-05-14
1,Hammer,2023-05-15,2024-05-14
1,Hammer,2023-05-15,2024-05-14
1,Hammer,2023-05-15,2024-05-14
1,Hammer,2023-05-15,2024-05-14
1,Hammer,2023-05-15,2024-05-14
1,Hammer,2023-05-15,2024-05-14
1,Hammer,2023-05-15,2024-05-14
1,Hammer,2023-05-15,2024-05-14
1,Hammer,2023-05-15,2024-05-14
1,Hammer,2023-05-15,2024-05-14
1,Hammer,2023-05-15,2024-05-14
1,Hammer,2023-05-15,2024-05-14
1,Hammer,2023-05-15,2024-05-14
1,Hammer,2023-05-15,2024-05-14
1,Hammer,2023-05-15,2024-05-14
1,Hammer,2023-05-15,2024-05-14
1,Hammer,2023-05-15,2024-05-14
1,Hammer,2023-05-15,2024-05-14
1,Hammer,2023-05-15,2024-05-14
1,Hammer,2023-05-15,2024-05-14
1,Hammer,2023-05-15,2024-05-14
,,2023-05-15,2024-05-14
,,2023-05-15,2024-05-14
,,2023-05-15,2024-05-14
,,2023-05-15,2024-05-14
1,Hammer,2023-05-15,2024-05-14
1,Hammer,2023-05-15,2024-05-14
,,2023-05-15,2024-05-14
1,Hammer,2023-05-15,2024-05-14
1,Hammer,2023-05-15,2024-05-14
1,Hammer,2023-05-15,2024-05-14
1,Hammer,2023-05-15,2024-05-14
,,2023-05-15,2024-05-14
1,Hammer,2023-05-15,2024-05-14
1,Hammer,2023-05-15,2024-05-14
1,Hammer,2023-05-15,2024-05-14
1,Hammer,2023-05-15,2024-05-14
,,2023-05-15,2024-05-14
1,Hammer,2023-05-15,2024-05-14
1,Hammer,2023-05-15,2024-05-14
1,Hammer,2023-05-15,2024-05-14
,,2023-05-15,2024-05-14
1,Hammer,2023-05-15,2024-05-14
1,Hammer,2023-05-15,2024-05-14
1,Hammer,2023-05-15,2024-05-14
1,Hammer,2023-05-15,2024-05-14
1,Hammer,2023-05-15,2024-05-14
1,Hammer,2023-05-15,2024-05-14
1,Hammer,2023-05-15,2024-05-14
1,Hammer,2023-05-15,2024-05-14
1,Hammer,2023-05-15,2024-05-14
1,Hammer,2023-05-15,2024-05-14
1,Hammer,2023-05-15,2024-05-14
1,Hammer,2023-05-15,2024-05-14
,,2023-05-15,2024-05-14
,,2023-05-15,2024-05-14
1,Hammer,2023-05-15,2024-05-14
1,Hammer,2023-05-15,2024-05-14
1,Hammer,2023-05-15,2024-05-14
1,Hammer,2023-05-15,2024-05-14
,,2023-05-15,2024-05-14
,,2023-05-15,2024-05-14
1,Hammer,2023-05-15,2024-05-14
1,Hammer,2023-05-15,2024-05-14
,,2023-05-15,2024-05-14
1,Hammer,2023-05-15,2024-05-14
,,2023-05-15,2024-05-14
,,2023-05-15,2024-05-14
1,Hammer,2023-05-15,2024-05-14
1,Hammer,2023-05-15,2024-05-14
1,Hammer,2023-05-15,2024-05-14
1,Hammer,2023-05-15,2024-05-14
1,Hammer,2023-05-15,2024-05-14
1,Hammer,2023-05-15,2024-05-14
1,Hammer,2023-05-15,2024-05-14
,,2023-05-15,2024-05-14
,,2023-05-15,2024-05-14
,,2023-05-15,2024-05-14
,,2023-05-15,2024-05-14
,,2023-05-15,2024-05-14
,,2023-05-15,2024-05-14
1,Hammer,2023-05-15,2024-05-14
1,Hammer,2023-05-15,2024-05-14
1,Hammer,2023-05-15,2024-05-14
1,Hammer,2023-05-15,2024-05-14
1,Hammer,2023-05-15,2024-05-14
1,Hammer,2023-05-15,2024-05-14
1,Hammer,2023-05-15,2024-05-14
1,Hammer,2023-05-15,2024-05-14
1,Hammer,2023-05-15,2024-05-14
1,Hammer,2023-05-15,2024-05-14
1,Hammer,2023-05-15,2024-05-14
,,2023-05-15,2024-05-14
,,2023-05-15,2024-05-14
1,Hammer,2023-05-15,2024-05-14
1,Hammer,2023-05-15,2024-05-14
,,2023-05-15,2024-05-14
,,2023-05-15,2024-05-14
,,2023-05-15,2024-05-14
1,Hammer,2023-05-15,2024-05-14
,,2023-05-15,2024-05-14
1,Hammer,2023-05-15,2024-05-14
1,Hammer,2023-05-15,2024-05-14
1,Hammer,2023-05-15,2024-05-14
1,Hammer,2023-05-15,2024-05-14
1,Hammer,2023-05-15,2024-05-14
1,Hammer,2023-05-15,2024-05-14
1,Hammer,2023-05-15,2024-05-14
1,Hammer,2023-05-15,2024-05-14
1,Hammer,2023-05-15,2024-05-14
1,Hammer,2023-05-15,2024-05-14
,,2023-05-15,2024-05-14
,,2023-05-15,2024-05-14
1,Hammer,2023-05-15,2024-05-14
1,Hammer,2023-05-15,2024-05-14
1,Hammer,2023-05-15,2024-05-14
1,Hammer,2023-05-15,2024-05-14
1,Hammer,2023-05-15,2024-05-14
,,2023-05-15,2024-05-14
1,Hammer,2023-05-15,2024-05-14
1,Hammer,2023-05-15,2024-05-14
1,Hammer,2023-05-15,2024-05-14
,,2023-05-15,2024-05-14
,,2023-05-15,2024-05-14
,,2023-05-15,2024-05-14
1,Hammer,2023-05-15,2024-05-14
1,Hammer,2023-05-15,2024-05-14
,,2023-05-15,2024-05-14
1,Hammer,2023-05-15,2024-05-14
,,2023-05-15,2024-05-14
,,2023-05-15,2024-05-14
1,Hammer,2023-05-15,2024-05-14
1,Hammer,2023-05-15,2024-05-14
1,Hammer,2023-05-15,2024-05-14
,,2023-05-15,2024-05-14
1,Hammer,2023-05-15,2024-05-14
1,Hammer,2023-05-15,2024-05-14
1,Hammer,2023-05-15,2024-05-14
1,Hammer,2023-05-15,2024-05-14
1,Hammer,2023-05-15,2024-05-14
1,Hammer,2023-05-15,2024-05-14
1,Hammer,2023-05-15,2024-05-14
1,Hammer,2023-05-15,2024-05-14
1,Hammer,2023-05-15,2024-05-14
,,2023-05-15,2024-05-14
1,Hammer,2023-05-15,2024-05-14
1,Hammer,2023-05-15,2024-05-14
,,2023-05-15,2024-05-14
1,Hammer,2023-05-15,2024-05-14
1,Hammer,2023-05-15,2024-05-14
,,2023-05-15,2024-05-14
,,2023-05-15,2024-05-14
,,2023-05-15,2024-05-14
,,2023-05-15,2024-05-14
,,2023-05-15,2024-05-14
,,2023-05-15,2024-05-14
,,2023-05-15,2024-05-14
,,2023-05-15,2024-05-14
,,2023-05-15,2024-05-14
,,2023-05-15,2024-05-14
,,2023-05-15,2024-05-14
,,2023-05-15,2024-05-14
,,2023-05-15,2024-05-14
,,2023-05-15,2024-05-14
,,2023-05-15,2024-05-14
,,2023-05-15,2024-05-14
,,2023-05-15,2024-05-14
,,2023-05-15,2024-05-14
,,2023-05-15,2024-05-14
,,2023-05-15,2024-05-14
,,2023-05-15,2024-05-14
,,2023-05-15,2024-05-14
,,2023-05-15,2024-05-14
,,2023-05-15,2024-05-14
,,2023-05-15,2024-05-14
,,2023-05-15,2024-05-14
,,2023-05-15,2024-05-14
,,2023-05-15,2024-05-14
,,2023-05-15,2024-05-14
,,2023-05-15,2024-05-14
,,2023-05-15,2024-05-14
,,2023-05-15,2024-05-14
,,2023-05-15,2024-05-14
,,2023-05-15,2024-05-14
,,2023-05-15,2024-05-14
,,2023-05-15,2024-05-14
,,2023-05-15,2024-05-14
,,2023-05-15,2024-05-14
,,2023-05-15,2024-05-14
,,2023-05-15,2024-05-14
,,2023-05-15,2024-05-14
,,2023-05-15,2024-05-14
,,2023-05-15,2024-05-14
,,2023-05-15,2024-05-14
,,2023-05-15,2024-05-14
,,2023-05-15,2024-05-14
,,2023-05-15,2024-05-14
,,2023-05-15,2024-05-14
,,2023-05-15,2024-05-14
,,2023-05-15,2024-05-14
,,2023-05-15,2024-05-14
,,2023-05-15,2024-05-14
,,2023-05-15,2024-05-14
,,2023-05-15,2024-05-14
,,2023-05-15,2024-05-14
,,2023-05-15,2024-05-14
,,2023-05-15,2024-05-14
,,2023-05-15,2024-05-14
,,2023-05-15,2024-05-14
,,2023-05-15,2024-05-14
,,2023-05-15,2024-05-14
,,2023-05-15,2024-05-14
,,2023-05-15,2024-05-14
,,2023-05-15,2024-05-14
,,2023-05-15,2024-05-14
,,2023-05-15,2024-05-14
,,2023-05-15,2024-05-14
,,2023-05-15,2024-05-14
,,2023-05-15,2024-05-14
,,2023-05-15,2024-05-14
,,2023-05-15,2024-05-14
,,2023-05-15,2024-05-14
,,2023-05-15,2024-05-14
,,2023-05-15,2024-05-14
,,2023-05-15,2024-05-14
,,2023-05-15,2024-05-14
,,2023-05-15,2024-05-14
,,2023-05-15,2024-05-14
,,2023-05-15,2024-05-14
,,2023-05-15,2024-05-14
,,2023-05-15,2024-05-14
,,2023-05-15,2024-05-14
,,2023-05-15,2024-05-14
,,2023-05-15,2024-05-14
,,2023-05-15,2024-05-14
,,2023-05-15,2024-05-14
,,2023-05-15,2024-05-14
,,2023-05-15,2024-05-14
,,2023-05-15,2024-05-14
,,2023-05-15,2024-05-14
,,2023-05-15,2024-05-14
,,2023-05-15,2024-05-14
,,2023-05-15,2024-05-14
,,2023-05-15,2024-05-14
,,2023-05-15,2024-05-14
,,2023-05-15,2024-05-14
,,2023-05-15,2024-05-14
,,2023-05-15,2024-05-14
,,2023-05-15,2024-05-14
,,2023-05-15,2024-05-14
,,2023-05-15,2024-05-14
,,2023-05-15,2024-05-14
,,2023-05-15,2024-05-14
,,2023-05-15,2024-05-14
,,2023-05-15,2024-05-14
,,2023-05-15,2024-05-14
,,2023-05-15,2024-05-14
,,2023-05-15,2024-05-14
,,2023-05-15,2024-05-14
,,2023-05-15,2024-05-14
,,2023-05-15,2024-05-14
,,2023-05-15,2024-05-14
,,2023-05-15,2024-05-14
,,2023-05-15,2024-05-14
,,2023-05-15,2024-05-14
,,2023-05-15,2024-05-14
,,2023-05-15,2024-05-14
,,2023-05-15,2024-05-14
,,2023-05-15,2024-05-14
,,2023-05-15,2024-05-14
,,2023-05-15,2024-05-14
,,2023-05-15,2024-05-14
,,2023-05-15,2024-05-14
,,2023-05-15,2024-05-14
,,2023-05-15,2024-05-14
,,2023-05-15,2024-05-14
,,2023-05-15,2024-05-14
,,2023-05-15,2024-05-14
,,2023-05-15,2024-05-14
,,2023-05-15,2024-05-14
,,2023-05-15,2024-05-14
,,2023-05-15,2024-05-14
,,2023-05-15,2024-05-14
,,2023-05-15,2024-05-14
,,2023-05-15,2024-05-14
,,2023-05-15,2024-05-14
,,2023-05-15,2024-05-14
,,2023-05-15,2024-05-14
,,2023-05-15,2024-05-14
,,2023-05-15,2024-05-14
,,2023-05-15,2024-05-14
,,2023-05-15,2024-05-14
,,2023-05-15,2024-05-14
,,2023-05-15,2024-05-14
,,2023-05-15,2024-05-14
,,2023-05-15,2024-05-14
,,2023-05-15,2024-05-14
,,2023-05-15,2024-05-14
,,2023-05-15,2024-05-14
,,2023-05-15,2024-05-14
,,2023-05-15,2024-05-14
,,2023-05-15,2024-05-14
,,2023-05-15,2024-05-14
,,2023-05-15,2024-05-14
,,2023-05-15,2024-05-14
,,2023-05-15,2024-05-14
,,2023-05-15,2024-05-14
,,2023-05-15,2024-05-14
,,2023-05-15,2024-05-14
,,2023-05-15,2024-05-14
,,2023-05-15,2024-05-14
,,2023-05-15,2024-05-14
,,2023-05-15,2024-05-14
,,2023-05-15,2024-05-14
,,2023-05-15,2024-05-14
,,2023-05-15,2024-05-14
,,2023-05-15,2024-05-14
,,2023-05-15,2024-05-14
,,2023-05-15,2024-05-14
,,2023-05-15,2024-05-14
,,2023-05-15,2024-05-14
,,2023-05-15,2024-05-14
,,2023-05-15,2024-05-14
,,2023-05-15,2024-05-14
,,2023-05-15,2024-05-14
,,2023-05-15,2024-05-14
,,2023-05-15,2024-05-14
,,2023-05-15,2024-05-14
,,2023-05-15,2024-05-14
,,2023-05-15,2024-05-14
,,2023-05-15,2024-05-14
,,2023-05-15,2024-05-14
,,2023-05-15,2024-05-14
,,2023-05-15,2024-05-14
,,2023-05-15,2024-05-14
,,2023-05-15,2024-05-14
,,2023-05-15,2024-05-14
,,2023-05-15,2024-05-14
,,2023-05-15,2024-05-14
,,2023-05-15,2024-05-14
,,2023-05-15,2024-05-14
,,2023-05-15,2024-05-14
,,2023-05-15,2024-05-14
,,2023-05-15,2024-05-14
,,2023-05-15,2024-05-14
,,2023-05-15,2024-05-14
,,2023-05-15,2024-05-14
,,2023-05-15,2024-05-14
,,2023-05-15,2024-05-14
,,2023-05-15,2024-05-14
,,2023-05-15,2024-05-14
,,2023-05-15,2024-05-14
,,2023-05-15,2024-05-14
,,2023-05-15,2024-05-14
,,2023-05-15,2024-05-14
,,2023-05-15,2024-05-14
,,2023-05-15,2024-05-14
,,2023-05-15,2024-05-14
,,2023-05-15,2024-05-14
,,2023-05-15,2024-05-14
,,2023-05-15,2024-05-14
,,2023-05-15,2024-05-14
,,2023-05-15,2024-05-14
,,2023-05-15,2024-05-14
,,2023-05-15,2024-05-14
,,2023-05-15,2024-05-14
,,2023-05-15,2024-05-14
,,2023-05-15,2024-05-14
,,2023-05-15,2024-05-14
,,2023-05-15,2024-05-14
,,2023-05-15,2024-05-14
,,2023-05-15,2024-05-14
,,2023-05-15,2024-05-14
,,2023-05-15,2024-05-14
,,2023-05-15,2024-05-14
,,2023-05-15,2024-05-14
,,2023-05-15,2024-05-14
,,2023-05-15,2024-05-14
,,2023-05-15,2024-05-14
,,2023-05-15,2024-05-14
,,2023-05-15,2024-05-14
,,2023-05-15,2024-05-14
,,2023-05-15,2024-05-14
,,2023-05-15,2024-05-14
,,2023-05-15,2024-05-14
,,2023-05-15,2024-05-14
,,2023-05-15,2024-05-14
,,2023-05-15,2024-05-14
,,2023-05-15,2024-05-14
,,2023-05-15,2024-05-14
,,2023-05-15,2024-05-14
,,2023-05-15,2024-05-14
,,2023-05-15,2024-05-14
,,2023-05-15,2024-05-14
,,2023-05-15,2024-05-14
,,2023-05-15,2024-05-14
,,2023-05-15,2024-05-14
,,2023-05-15,2024-05-14
,,2023-05-15,2024-05-14
,,2023-05-15,2024-05-14
,,2023-05-15,2024-05-14
,,2023-05-15,2024-05-14
,,2023-05-15,2024-05-14
,,2023-05-15,2024-05-14
,,2023-05-15,2024-05-14
,,2023-05-15,2024-05-14
,,2023-05-15,2024-05-14
,,2023-05-15,2024-05-14
,,2023-05-15,2024-05-14
,,2023-05-15,2024-05-14
,,2023-05-15,2024-05-14
,,2023-05-15,2024-05-14
,,2023-05-15,2024-05-14
,,2023-05-15,2024-05-14
,,2023-05-15,2024-05-14
,,2023-05-15,2024-05-14
,,2023-05-15,2024-05-14
,,2023-05-15,2024-05-14
,,2023-05-15,2024-05-14
,,2023-05-15,2024-05-14
,,2023-05-15,2024-05-14
,,2023-05-15,2024-05-14
,,2023-05-15,2024-05-14
,,2023-05-15,2024-05-14
,,2023-05-15,2024-05-14
,,2023-05-15,2024-05-14
,,2023-05-15,2024-05-14
,,2023-05-15,2024-05-14
,,2023-05-15,2024-05-14
,,2023-05-15,2024-05-14
,,2023-05-15,2024-05-14
,,2023-05-15,2024-05-14
,,2023-05-15,2024-05-14
,,2023-05-15,2024-05-14
TScanned ID,TScanned Name,TCheck Out,TDeadline
,,2023-05-17,2024-05-16
,,2023-05-17,2024-05-16
1,Hammer,2023-05-17,2024-05-16
1,Hammer,2023-05-17,2024-05-16
1,Hammer,2023-05-17,2024-05-16
1,Hammer,2023-05-17,2024-05-16
1,Hammer,2023-05-17,2024-05-16
1,Hammer,2023-05-17,2024-05-16
,,2023-05-17,2024-05-16
1,Hammer,2023-05-17,2024-05-16
1,Hammer,2023-05-17,2024-05-16
1,Hammer,2023-05-17,2024-05-16
1,Hammer,2023-05-17,2024-05-16
1,Hammer,2023-05-17,2024-05-16
1,Hammer,2023-05-17,2024-05-16
1,Hammer,2023-05-17,2024-05-16
1,Hammer,2023-05-17,2024-05-16
1,Hammer,2023-05-17,2024-05-16
,,2023-05-17,2024-05-16
1,Hammer,2023-05-17,2024-05-16
1,Hammer,2023-05-17,2024-05-16
1,Hammer,2023-05-17,2024-05-16
1,Hammer,2023-05-17,2024-05-16
,,2023-05-17,2024-05-16
1,Hammer,2023-05-17,2024-05-16
1,Hammer,2023-05-17,2024-05-16
1,Hammer,2023-05-17,2024-05-16
1,Hammer,2023-05-17,2024-05-16
,,2023-05-17,2024-05-16
TScanned ID,TScanned Name,TCheck Out,TDeadline
,,2023-05-23,2024-05-22
,,2023-05-23,2024-05-22
,,2023-05-23,2024-05-22
,,2023-05-23,2024-05-22
,,2023-05-23,2024-05-22
,,2023-05-23,2024-05-22
,,2023-05-23,2024-05-22
,,2023-05-23,2024-05-22
,,2023-05-23,2024-05-22
,,2023-05-23,2024-05-22
,,2023-05-23,2024-05-22
,,2023-05-23,2024-05-22
,,2023-05-23,2024-05-22
TScanned ID,TScanned Name,TCheck Out,TDeadline
,,2023-06-18,2024-06-17
,,2023-06-18,2024-06-17
,,2023-06-18,2024-06-17
,,2023-06-18,2024-06-17
,,2023-06-18,2024-06-17
,,2023-06-18,2024-06-17
,,2023-06-18,2024-06-17
,,2023-06-18,2024-06-17
,,2023-06-18,2024-06-17
,,2023-06-18,2024-06-17
,,2023-06-18,2024-06-17
,,2023-06-18,2024-06-17
,,2023-06-18,2024-06-17
13,Piler-type cutting tools,2023-06-18,2024-06-17
13,Piler-type cutting tools,2023-06-18,2024-06-17
13,Piler-type cutting tools,2023-06-18,2024-06-17
13,Piler-type cutting tools,2023-06-18,2024-06-17
13,Piler-type cutting tools,2023-06-18,2024-06-17
13,Piler-type cutting tools,2023-06-18,2024-06-17
13,Piler-type cutting tools,2023-06-18,2024-06-17
13,Piler-type cutting tools,2023-06-18,2024-06-17
13,Piler-type cutting tools,2023-06-18,2024-06-17
,,2023-06-18,2024-06-17
13,Piler-type cutting tools,2023-06-18,2024-06-17
13,Piler-type cutting tools,2023-06-18,2024-06-17
13,Piler-type cutting tools,2023-06-18,2024-06-17
13,Piler-type cutting tools,2023-06-18,2024-06-17
13,Piler-type cutting tools,2023-06-18,2024-06-17
13,Piler-type cutting tools,2023-06-18,2024-06-17
13,Piler-type cutting tools,2023-06-18,2024-06-17
13,Piler-type cutting tools,2023-06-18,2024-06-17
13,Piler-type cutting tools,2023-06-18,2024-06-17
13,Piler-type cutting tools,2023-06-18,2024-06-17
13,Piler-type cutting tools,2023-06-18,2024-06-17
13,Piler-type cutting tools,2023-06-18,2024-06-17
13,Piler-type cutting tools,2023-06-18,2024-06-17
13,Piler-type cutting tools,2023-06-18,2024-06-17
13,Piler-type cutting tools,2023-06-18,2024-06-17
13,Piler-type cutting tools,2023-06-18,2024-06-17
13,Piler-type cutting tools,2023-06-18,2024-06-17
13,Piler-type cutting tools,2023-06-18,2024-06-17
13,Piler-type cutting tools,2023-06-18,2024-06-17
13,Piler-type cutting tools,2023-06-18,2024-06-17
13,Piler-type cutting tools,2023-06-18,2024-06-17
13,Piler-type cutting tools,2023-06-18,2024-06-17
13,Piler-type cutting tools,2023-06-18,2024-06-17
13,Piler-type cutting tools,2023-06-18,2024-06-17
13,Piler-type cutting tools,2023-06-18,2024-06-17
,,2023-06-18,2024-06-17
,,2023-06-18,2024-06-17
,,2023-06-18,2024-06-17
13,Piler-type cutting tools,2023-06-18,2024-06-17
13,Piler-type cutting tools,2023-06-18,2024-06-17
13,Piler-type cutting tools,2023-06-18,2024-06-17
13,Piler-type cutting tools,2023-06-18,2024-06-17
13,Piler-type cutting tools,2023-06-18,2024-06-17
13,Piler-type cutting tools,2023-06-18,2024-06-17
13,Piler-type cutting tools,2023-06-18,2024-06-17
13,Piler-type cutting tools,2023-06-18,2024-06-17
13,Piler-type cutting tools,2023-06-18,2024-06-17
13,Piler-type cutting tools,2023-06-18,2024-06-17
13,Piler-type cutting tools,2023-06-18,2024-06-17
13,Piler-type cutting tools,2023-06-18,2024-06-17
13,Piler-type cutting tools,2023-06-18,2024-06-17
13,Piler-type cutting tools,2023-06-18,2024-06-17
13,Piler-type cutting tools,2023-06-18,2024-06-17
,,2023-06-18,2024-06-17
,,2023-06-18,2024-06-17
13,Piler-type cutting tools,2023-06-18,2024-06-17
13,Piler-type cutting tools,2023-06-18,2024-06-17
13,Piler-type cutting tools,2023-06-18,2024-06-17
13,Piler-type cutting tools,2023-06-18,2024-06-17
13,Piler-type cutting tools,2023-06-18,2024-06-17
13,Piler-type cutting tools,2023-06-18,2024-06-17
13,Piler-type cutting tools,2023-06-18,2024-06-17
13,Piler-type cutting tools,2023-06-18,2024-06-17
13,Piler-type cutting tools,2023-06-18,2024-06-17
,,2023-06-18,2024-06-17
,,2023-06-18,2024-06-17
13,Piler-type cutting tools,2023-06-18,2024-06-17
13,Piler-type cutting tools,2023-06-18,2024-06-17
13,Piler-type cutting tools,2023-06-18,2024-06-17
13,Piler-type cutting tools,2023-06-18,2024-06-17
13,Piler-type cutting tools,2023-06-18,2024-06-17
13,Piler-type cutting tools,2023-06-18,2024-06-17
13,Piler-type cutting tools,2023-06-18,2024-06-17
13,Piler-type cutting tools,2023-06-18,2024-06-17
13,Piler-type cutting tools,2023-06-18,2024-06-17
13,Piler-type cutting tools,2023-06-18,2024-06-17
13,Piler-type cutting tools,2023-06-18,2024-06-17
13,Piler-type cutting tools,2023-06-18,2024-06-17
13,Piler-type cutting tools,2023-06-18,2024-06-17
13,Piler-type cutting tools,2023-06-18,2024-06-17
13,Piler-type cutting tools,2023-06-18,2024-06-17
13,Piler-type cutting tools,2023-06-18,2024-06-17
13,Piler-type cutting tools,2023-06-18,2024-06-17
13,Piler-type cutting tools,2023-06-18,2024-06-17
,,2023-06-18,2024-06-17
,,2023-06-18,2024-06-17
13,Piler-type cutting tools,2023-06-18,2024-06-17
13,Piler-type cutting tools,2023-06-18,2024-06-17
